name,image,video
DPRK Music Video 01,images/thumbnails/dprk01.jpg,videos/dprk01.mp4
DPRK Music Video 02,images/thumbnails/dprk02.jpg,videos/dprk02.mp4
DPRK Music Video 03,images/thumbnails/dprk03.jpg,videos/dprk03.mp4
DPRK Music Video 04,images/thumbnails/dprk04.jpg,videos/dprk04.mp4
DPRK Music Video 05,images/thumbnails/dprk05.jpg,videos/dprk05.mp4
DPRK Music Video 06,images/thumbnails/dprk06.jpg,videos/dprk06.mp4
DPRK Music Video 07,images/thumbnails/dprk07.jpg,videos/dprk07.mp4
DPRK Music Video 08,images/thumbnails/dprk08.jpg,videos/dprk08.mp4
DPRK Music Video 09,images/thumbnails/dprk09.jpg,videos/dprk09.mp4
DPRK Music Video 10,images/thumbnails/dprk10.jpg,videos/dprk10.mp4
DPRK Music Video 11,images/thumbnails/dprk11.jpg,videos/dprk11.mp4
DPRK Music Video 12,images/thumbnails/dprk12.jpg,videos/dprk12.mp4
DPRK Music Video 13,images/thumbnails/dprk13.jpg,videos/dprk13.mp4
DPRK Music Video 14,images/thumbnails/dprk14.jpg,videos/dprk14.mp4
DPRK Music Video 15,images/thumbnails/dprk15.jpg,videos/dprk15.mp4
DPRK Music Video 16,images/thumbnails/dprk16.jpg,videos/dprk16.mp4
DPRK Music Video 17,images/thumbnails/dprk17.jpg,videos/dprk17.mp4
DPRK Music Video 18,images/thumbnails/dprk18.jpg,videos/dprk18.mp4
DPRK Music Video 19,images/thumbnails/dprk19.jpg,videos/dprk19.mp4
DPRK Music Video 20,images/thumbnails/dprk20.jpg,videos/dprk20.mp4
DPRK Music Video 21,images/thumbnails/dprk21.jpg,videos/dprk21.mp4
DPRK Music Video 22,images/thumbnails/dprk22.jpg,videos/dprk22.mp4
DPRK Music Video 23,images/thumbnails/dprk23.jpg,videos/dprk23.mp4
DPRK Music Video 24,images/thumbnails/dprk24.jpg,videos/dprk24.mp4
DPRK Music Video 25,images/thumbnails/dprk25.jpg,videos/dprk25.mp4
DPRK Music Video 26,images/thumbnails/dprk26.jpg,videos/dprk26.mp4
DPRK Music Video 27,images/thumbnails/dprk27.jpg,videos/dprk27.mp4
DPRK Music Video 28,images/thumbnails/dprk28.jpg,videos/dprk28.mp4
DPRK Music Video 29,images/thumbnails/dprk29.jpg,videos/dprk29.mp4
DPRK Music Video 30,images/thumbnails/dprk30.jpg,videos/dprk30.mp4
DPRK Music Video 31,images/thumbnails/dprk31.jpg,videos/dprk31.mp4
DPRK Music Video 32,images/thumbnails/dprk32.jpg,videos/dprk32.mp4
DPRK Music Video 33,images/thumbnails/dprk33.jpg,videos/dprk33.mp4
DPRK Music Video 34,images/thumbnails/dprk34.jpg,videos/dprk34.mp4
DPRK Music Video 35,images/thumbnails/dprk35.jpg,videos/dprk35.mp4
DPRK Music Video 36,images/thumbnails/dprk36.jpg,videos/dprk36.mp4
DPRK Music Video 37,images/thumbnails/dprk37.jpg,videos/dprk37.mp4
DPRK Music Video 38,images/thumbnails/dprk38.jpg,videos/dprk38.mp4
DPRK Music Video 39,images/thumbnails/dprk39.jpg,videos/dprk39.mp4
DPRK Music Video 40,images/thumbnails/dprk40.jpg,videos/dprk40.mp4
DPRK Music Video 41,images/thumbnails/dprk41.jpg,videos/dprk41.mp4
DPRK Music Video 42,images/thumbnails/dprk42.jpg,videos/dprk42.mp4
DPRK Music Video 43,images/thumbnails/dprk43.jpg,videos/dprk43.mp4
DPRK Music Video 44,images/thumbnails/dprk44.jpg,videos/dprk44.mp4
DPRK Music Video 45,images/thumbnails/dprk45.jpg,videos/dprk45.mp4
DPRK Music Video 46,images/thumbnails/dprk46.jpg,videos/dprk46.mp4
DPRK Music Video 47,images/thumbnails/dprk47.jpg,videos/dprk47.mp4
DPRK Music Video 48,images/thumbnails/dprk48.jpg,videos/dprk48.mp4
DPRK Music Video 49,images/thumbnails/dprk49.jpg,videos/dprk49.mp4
DPRK Music Video 50,images/thumbnails/dprk50.jpg,videos/dprk50.mp4
DPRK Music Video 51,images/thumbnails/dprk51.jpg,videos/dprk51.mp4
DPRK Music Video 52,images/thumbnails/dprk52.jpg,videos/dprk52.mp4
DPRK Music Video 53,images/thumbnails/dprk53.jpg,videos/dprk53.mp4
DPRK Music Video 54,images/thumbnails/dprk54.jpg,videos/dprk54.mp4
DPRK Music Video 55,images/thumbnails/dprk55.jpg,videos/dprk55.mp4
DPRK Music Video 56,images/thumbnails/dprk56.jpg,videos/dprk56.mp4
DPRK Music Video 57,images/thumbnails/dprk57.jpg,videos/dprk57.mp4
DPRK Music Video 58,images/thumbnails/dprk58.jpg,videos/dprk58.mp4
DPRK Music Video 59,images/thumbnails/dprk59.jpg,videos/dprk59.mp4
DPRK Music Video 60,images/thumbnails/dprk60.jpg,videos/dprk60.mp4
DPRK Music Video 61,images/thumbnails/dprk61.jpg,videos/dprk61.mp4
DPRK Music Video 62,images/thumbnails/dprk62.jpg,videos/dprk62.mp4
DPRK Music Video 63,images/thumbnails/dprk63.jpg,videos/dprk63.mp4
DPRK Music Video 64,images/thumbnails/dprk64.jpg,videos/dprk64.mp4
DPRK Music Video 65,images/thumbnails/dprk65.jpg,videos/dprk65.mp4
DPRK Music Video 66,images/thumbnails/dprk66.jpg,videos/dprk66.mp4
DPRK Music Video 67,images/thumbnails/dprk67.jpg,videos/dprk67.mp4
DPRK Music Video 68,images/thumbnails/dprk68.jpg,videos/dprk68.mp4
DPRK Music Video 69,images/thumbnails/dprk69.jpg,videos/dprk69.mp4
DPRK Music Video 70,images/thumbnails/dprk70.jpg,videos/dprk70.mp4
DPRK Music Video 71,images/thumbnails/dprk71.jpg,videos/dprk71.mp4
DPRK Music Video 72,images/thumbnails/dprk72.jpg,videos/dprk72.mp4
DPRK Music Video 73,images/thumbnails/dprk73.jpg,videos/dprk73.mp4
DPRK Music Video 74,images/thumbnails/dprk74.jpg,videos/dprk74.mp4
DPRK Music Video 75,images/thumbnails/dprk75.jpg,videos/dprk75.mp4
DPRK Music Video 76,images/thumbnails/dprk76.jpg,videos/dprk76.mp4
DPRK Music Video 77,images/thumbnails/dprk77.jpg,videos/dprk77.mp4
DPRK Music Video 78,images/thumbnails/dprk78.jpg,videos/dprk78.mp4
DPRK Music Video 79,images/thumbnails/dprk79.jpg,videos/dprk79.mp4
DPRK Music Video 80,images/thumbnails/dprk80.jpg,videos/dprk80.mp4
DPRK Music Video 81,images/thumbnails/dprk81.jpg,videos/dprk81.mp4
DPRK Music Video 82,images/thumbnails/dprk82.jpg,videos/dprk82.mp4
DPRK Music Video 83,images/thumbnails/dprk83.jpg,videos/dprk83.mp4
DPRK Music Video 84,images/thumbnails/dprk84.jpg,videos/dprk84.mp4
DPRK Music Video 86,images/thumbnails/dprk86.jpg,videos/dprk86.mp4
DPRK Music Video 87,images/thumbnails/dprk87.jpg,videos/dprk87.mp4
DPRK Music Video 88,images/thumbnails/dprk88.jpg,videos/dprk88.mp4
DPRK Music Video 89,images/thumbnails/dprk89.jpg,videos/dprk89.mp4
DPRK Music Video 90,images/thumbnails/dprk90.jpg,videos/dprk90.mp4
DPRK Music Video 91,images/thumbnails/dprk91.jpg,videos/dprk91.mp4
DPRK Music Video 92,images/thumbnails/dprk92.jpg,videos/dprk92.mp4
DPRK Music Video 93,images/thumbnails/dprk93.jpg,videos/dprk93.mp4
DPRK Music Video 94,images/thumbnails/dprk94.jpg,videos/dprk94.mp4
DPRK Music Video 95,images/thumbnails/dprk95.jpg,videos/dprk95.mp4
DPRK Music Video 96,images/thumbnails/dprk96.jpg,videos/dprk96.mp4
DPRK Music Video 97,images/thumbnails/dprk97.jpg,videos/dprk97.mp4
DPRK Music Video 98,images/thumbnails/dprk98.jpg,videos/dprk98.mp4
DPRK Music Video 99,images/thumbnails/dprk99.jpg,videos/dprk99.mp4
DPRK Music Video 100,images/thumbnails/dprk100.jpg,videos/dprk100.mp4
DPRK Music Video 101,images/thumbnails/dprk101.jpg,videos/dprk101.mp4
DPRK Music Video 102,images/thumbnails/dprk102.jpg,videos/dprk102.mp4
DPRK Music Video 103,images/thumbnails/dprk103.jpg,videos/dprk103.mp4
DPRK Music Video 104,images/thumbnails/dprk104.jpg,videos/dprk104.mp4
DPRK Music Video 105,images/thumbnails/dprk105.jpg,videos/dprk105.mp4
DPRK Music Video 106,images/thumbnails/dprk106.jpg,videos/dprk106.mp4
DPRK Music Video 107,images/thumbnails/dprk107.jpg,videos/dprk107.mp4
DPRK Music Video 108,images/thumbnails/dprk108.jpg,videos/dprk108.mp4
DPRK Music Video 109,images/thumbnails/dprk109.jpg,videos/dprk109.mp4
DPRK Music Video 110,images/thumbnails/dprk110.jpg,videos/dprk110.mp4
DPRK Music Video 111,images/thumbnails/dprk111.jpg,videos/dprk111.mp4
DPRK Music Video 112,images/thumbnails/dprk112.jpg,videos/dprk112.mp4
DPRK Music Video 113,images/thumbnails/dprk113.jpg,videos/dprk113.mp4
DPRK Music Video 114,images/thumbnails/dprk114.jpg,videos/dprk114.mp4
DPRK Music Video 115,images/thumbnails/dprk115.jpg,videos/dprk115.mp4
DPRK Music Video 116,images/thumbnails/dprk116.jpg,videos/dprk116.mp4
DPRK Music Video 117,images/thumbnails/dprk117.jpg,videos/dprk117.mp4
DPRK Music Video 118,images/thumbnails/dprk118.jpg,videos/dprk118.mp4
DPRK Music Video 119,images/thumbnails/dprk119.jpg,videos/dprk119.mp4
DPRK Music Video 120,images/thumbnails/dprk120.jpg,videos/dprk120.mp4
DPRK Music Video 121,images/thumbnails/dprk121.jpg,videos/dprk121.mp4
DPRK Music Video 122,images/thumbnails/dprk122.jpg,videos/dprk122.mp4
DPRK Music Video 123,images/thumbnails/dprk123.jpg,videos/dprk123.mp4
DPRK Music Video 124,images/thumbnails/dprk124.jpg,videos/dprk124.mp4
DPRK Music Video 125,images/thumbnails/dprk125.jpg,videos/dprk125.mp4
DPRK Music Video 126,images/thumbnails/dprk126.jpg,videos/dprk126.mp4
DPRK Music Video 127,images/thumbnails/dprk127.jpg,videos/dprk127.mp4
DPRK Music Video 128,images/thumbnails/dprk128.jpg,videos/dprk128.mp4
DPRK Music Video 129,images/thumbnails/dprk129.jpg,videos/dprk129.mp4
DPRK Music Video 130,images/thumbnails/dprk130.jpg,videos/dprk130.mp4
DPRK Music Video 131,images/thumbnails/dprk131.jpg,videos/dprk131.mp4
DPRK Music Video 132,images/thumbnails/dprk132.jpg,videos/dprk132.mp4
DPRK Music Video 133,images/thumbnails/dprk133.jpg,videos/dprk133.mp4
DPRK Music Video 134,images/thumbnails/dprk134.jpg,videos/dprk134.mp4
DPRK Music Video 135,images/thumbnails/dprk135.jpg,videos/dprk135.mp4
DPRK Music Video 136,images/thumbnails/dprk136.jpg,videos/dprk136.mp4
DPRK Music Video 137,images/thumbnails/dprk137.jpg,videos/dprk137.mp4
DPRK Music Video 138,images/thumbnails/dprk138.jpg,videos/dprk138.mp4
DPRK Music Video 139,images/thumbnails/dprk139.jpg,videos/dprk139.mp4
DPRK Music Video 140,images/thumbnails/dprk140.jpg,videos/dprk140.mp4
DPRK Music Video 141,images/thumbnails/dprk141.jpg,videos/dprk141.mp4
DPRK Music Video 142,images/thumbnails/dprk142.jpg,videos/dprk142.mp4
DPRK Music Video 143,images/thumbnails/dprk143.jpg,videos/dprk143.mp4
DPRK Music Video 144,images/thumbnails/dprk144.jpg,videos/dprk144.mp4
DPRK Music Video 145,images/thumbnails/dprk145.jpg,videos/dprk145.mp4
DPRK Music Video 146,images/thumbnails/dprk146.jpg,videos/dprk146.mp4
DPRK Music Video 147,images/thumbnails/dprk147.jpg,videos/dprk147.mp4
DPRK Music Video 148,images/thumbnails/dprk148.jpg,videos/dprk148.mp4
DPRK Music Video 149,images/thumbnails/dprk149.jpg,videos/dprk149.mp4
DPRK Music Video 150,images/thumbnails/dprk150.jpg,videos/dprk150.mp4
DPRK Music Video 151,images/thumbnails/dprk151.jpg,videos/dprk151.mp4
DPRK Music Video 152,images/thumbnails/dprk152.jpg,videos/dprk152.mp4
DPRK Music Video 153,images/thumbnails/dprk153.jpg,videos/dprk153.mp4
DPRK Music Video 154,images/thumbnails/dprk154.jpg,videos/dprk154.mp4
DPRK Music Video 155,images/thumbnails/dprk155.jpg,videos/dprk155.mp4
DPRK Music Video 156,images/thumbnails/dprk156.jpg,videos/dprk156.mp4
DPRK Music Video 157,images/thumbnails/dprk157.jpg,videos/dprk157.mp4
DPRK Music Video 158,images/thumbnails/dprk158.jpg,videos/dprk158.mp4
DPRK Music Video 159,images/thumbnails/dprk159.jpg,videos/dprk159.mp4
DPRK Music Video 160,images/thumbnails/dprk160.jpg,videos/dprk160.mp4
DPRK Music Video 161,images/thumbnails/dprk161.jpg,videos/dprk161.mp4
DPRK Music Video 162,images/thumbnails/dprk162.jpg,videos/dprk162.mp4
DPRK Music Video 163,images/thumbnails/dprk163.jpg,videos/dprk163.mp4
DPRK Music Video 164,images/thumbnails/dprk164.jpg,videos/dprk164.mp4
DPRK Music Video 165,images/thumbnails/dprk165.jpg,videos/dprk165.mp4
DPRK Music Video 166,images/thumbnails/dprk166.jpg,videos/dprk166.mp4
DPRK Music Video 167,images/thumbnails/dprk167.jpg,videos/dprk167.mp4
DPRK Music Video 168,images/thumbnails/dprk168.jpg,videos/dprk168.mp4
DPRK Music Video 169,images/thumbnails/dprk169.jpg,videos/dprk169.mp4
DPRK Music Video 170,images/thumbnails/dprk170.jpg,videos/dprk170.mp4
DPRK Music Video 171,images/thumbnails/dprk171.jpg,videos/dprk171.mp4
DPRK Music Video 172,images/thumbnails/dprk172.jpg,videos/dprk172.mp4
